K0001	DE-38
K1002	DE-38-005
K1003	DE-38-006
K1004	DE-38-007
K1005	DE-38-008
K1006	DE-38-102
K1007	DE-38-103
K1008	DE-38-104
K1009	DE-38-105
K1010	DE-38-106
K1011	DE-38-107
K1012	DE-38-108
K1013	DE-38-109
K1014	DE-38-110
K1015	DE-38-112
K1016	DE-38-113
K1017	DE-38-114
K1020	DE-38-117
K1021	DE-38-118
K1022	DE-38-119
K1023	DE-38-120
K1024	DE-38-121
K1025	DE-38-123
K1026	DE-38-124
K1027	DE-38-125
K1029	DE-38-128
K1030	DE-38-129
K1032	DE-38-132
K1033	DE-38-133
K1034	DE-38-134
K1036	DE-38-136
K1037	DE-38-137
K1038	DE-38-139
K1039	DE-38-140
K1041	DE-38-146
K1043	DE-38-155
K1044	DE-38-156
K1045	DE-38-157
K1046	DE-38-160
K1047	DE-38-164
K1048	DE-38-166
K1049	DE-38-201
K1051	DE-38-203
K1052	DE-38-204
K1053	DE-38-205
K1056	DE-38-208
K1057	DE-38-209
K1058	DE-38-210
K1059	DE-38-211
K1060	DE-38-212
K1061	DE-38-213
K1062	DE-38-214
K1064	DE-38-216
K1065	DE-38-217
K1066	DE-38-218
K1067	DE-38-219
K1068	DE-38-220
K1069	DE-38-221
K1070	DE-38-222
K1071	DE-38-223
K1072	DE-38-224
K1073	DE-38-225
K1074	DE-38-226
K1075	DE-38-228
K1077	DE-38-303
K1078	DE-38-304
K1079	DE-38-305
K1081	DE-38-307
K1082	DE-38-308
K1083	DE-38-309
K1084	DE-38-310
K1085	DE-38-311
K1086	DE-38-312
K1087	DE-38-313
K1088	DE-38-314
K1089	DE-38-315
K1091	DE-38-317
K1093	DE-38-319
K1094	DE-38-320
K1095	DE-38-321
K1097	DE-38-323
K1098	DE-38-324
K1099	DE-38-325
K1100	DE-38-401
K1102	DE-38-403
K1103	DE-38-404
K1104	DE-38-405
K1105	DE-38-406
K1106	DE-38-407
K1107	DE-38-408
K1108	DE-38-409
K1109	DE-38-410
K1110	DE-38-411
K1111	DE-38-412
K1112	DE-38-413
K1113	DE-38-414
K1114	DE-38-415
K1115	DE-38-416
K1117	DE-38-418
K1118	DE-38-419
K1119	DE-38-420
K1120	DE-38-421
K1121	DE-38-422
K1122	DE-38-423
K1124	DE-38-425
K1125	DE-38-426
K1126	DE-38-427
K1127	DE-38-428
K1128	DE-38-429
K1129	DE-38-430
K1130	DE-38-431
K1131	DE-38-432
K1132	DE-38-433
K1133	DE-38-434
K1134	DE-38-435
K1137	DE-38-438
K1138	DE-38-444
K1139	DE-38-445
K1140	DE-38-448
K1141	DE-38-450
K1142	DE-38-451
K1144	DE-38-459
K1145	DE-38-501
K1146	DE-38-502
K1148	DE-38-507
K1150	DE-38-510
K1152	DE-38-513
K1153	DE-38-514
K1154	DE-38-517
K1159	DE-38-526
K1160	DE-38-540
K1161	DE-38-622
K1162	DE-38-623
K1163	DE-38-302
K1164	DE-38-158
K1165	DE-38-230
K1166	DE-38-460
K1167	DE-38-461
K1169	DE-38-231
K1171	DE-38-503
K1173	DE-38-111
K1175	DE-38-326
K1177	DE-38-227
K1178	DE-38-009
K1180	DE-38-465
K1181	DE-38-233
K1182	DE-38-467
K1183	DE-38-468
K1184	DE-38-328
K1186	DE-38-232
K1187	DE-38-234
K1188	DE-38-101
K1189	DE-38-237
K1190	DE-38-466
K1191	DE-38-229
K1192	DE-38-440
K6001	DE-Kn3
