38	DE-38
38-005	DE-38-005
38-006	DE-38-006
38-007	DE-38-007
38-101	DE-38-101
38-106	DE-38-106
38-119	DE-38-119
38-123	DE-38-123
38-125	DE-38-125
38-132	DE-38-132
38-134	DE-38-134
38-201	DE-38-201
38-203	DE-38-203
38-204	DE-38-204
38-205	DE-38-205
38-208	DE-38-208
38-209	DE-38-209
38-210	DE-38-210
38-211	DE-38-211
38-212	DE-38-212
38-213	DE-38-213
38-214	DE-38-214
38-216	DE-38-216
38-217	DE-38-217
38-218	DE-38-218
38-219	DE-38-219
38-220	DE-38-220
38-221	DE-38-221
38-222	DE-38-222
38-223	DE-38-223
38-225	DE-38-225
38-226	DE-38-226
38-228	DE-38-228
38-230	DE-38-230
38-231	DE-38-231
38-234	DE-38-234
38-237	DE-38-237
38-238	DE-38-238
38-303	DE-38-303
38-304	DE-38-304
38-305	DE-38-305
38-307	DE-38-307
38-308	DE-38-308
38-309	DE-38-309
38-311	DE-38-311
38-312	DE-38-312
38-313	DE-38-313
38-314	DE-38-314
38-315	DE-38-315
38-317	DE-38-317
38-319	DE-38-319
38-321	DE-38-321
38-323	DE-38-323
38-324	DE-38-324
38-325	DE-38-325
38-326	DE-38-326
38-328	DE-38-328
38-401	DE-38-401
38-403	DE-38-403
38-404	DE-38-404
38-405	DE-38-405
38-406	DE-38-406
38-407	DE-38-407
38-408	DE-38-408
38-409	DE-38-409
38-410	DE-38-410
38-411	DE-38-411
38-412	DE-38-412
38-413	DE-38-413
38-414	DE-38-414
38-415	DE-38-415
38-416	DE-38-416
38-418	DE-38-418
38-419	DE-38-419
38-420	DE-38-420
38-421	DE-38-421
38-422	DE-38-422
38-423	DE-38-423
38-425	DE-38-425
38-426	DE-38-426
38-427	DE-38-427
38-428	DE-38-428
38-429	DE-38-429
38-430	DE-38-430
38-431	DE-38-431
38-432	DE-38-432
38-433	DE-38-433
38-434	DE-38-434
38-438	DE-38-438
38-440	DE-38-440
38-444	DE-38-444
38-445	DE-38-445
38-448	DE-38-448
38-450	DE-38-450
38-459	DE-38-459
38-460	DE-38-460
38-461	DE-38-461
38-465	DE-38-465
38-466	DE-38-466
38-467	DE-38-467
38-468	DE-38-468
38-501	DE-38-501
38-502	DE-38-502
38-503	DE-38-503
38-507	DE-38-507
38-514	DE-38-514
38-517	DE-38-517
38-622	DE-38-622
38-623	DE-38-623
38-HLS	DE-38
38-HWA	DE-38
KN3	DE-Kn3
